0,1,2
Jan-17-23 10:38AM,WWE stock upgraded at Wells Fargo as analysts debate potential buyers Yahoo Finance,AMZN
10:33AM,"37 Mistakes We Make When Shopping at Costco, Amazon, Target and Walmart GOBankingRates",AMZN
10:05AM,FAANG Stocks Look Ready to Soar Later This Month. Here's Why. Motley Fool,AMZN
09:31AM,"Zappos, Whole Foods team up on package-free returns American City Business Journals",AMZN
09:10AM,This Crypto Just Partnered With Amazon. Time to Buy? Motley Fool,AMZN
08:46AM,Loading…,AMZN
08:46AM,"How the NFL Makes Money: TV, Tickets, and Sponsorships Investopedia",AMZN
07:54AM,Is Amazon a Good Buy for 2023? Motley Fool,AMZN
07:15AM,1 Dirt-Cheap Warren Buffett Stock Down 49% to Buy Before It Starts Soaring Motley Fool,AMZN
05:30AM,Davos 2023: Are tech titans really hearing their investors? Yahoo Finance,AMZN
05:10AM,Did Amazon Just Overpay for 'Thursday Night Football'? Motley Fool,AMZN
Jan-16-23 01:27PM,2 FAANG Stocks to Buy in 2023 and 1 to Avoid: Here's Why Motley Fool,AMZN
12:45PM,Davos: PwC survey finds 'bleak CEO outlook' for 2023 Yahoo Finance,AMZN
11:36AM,2 Stocks to Benefit From Falling Inflation GuruFocus.com,AMZN
11:29AM,Big Tech Stocks Could Rebound Big Time. Heres How. Barrons.com,AMZN
10:34AM,Amazon Has a Partner for Enterprise Blockchain Tech. Its Crypto Token Has Soared. Barrons.com,AMZN
10:30AM,Loading…,AMZN
10:30AM,"Target, Amazon and 4 More Retailers That Will Reward You for Turning in Your Old Stuff GOBankingRates",AMZN
10:00AM,4 Reasons You Should Cancel Amazon Prime GOBankingRates,AMZN
09:15AM,This Growth Stock Has Market-Beating Potential Motley Fool,AMZN
07:10AM,History Says the Nasdaq Could Soar in 2023 -- 5 Stocks You'll Wish You'd Bought if It Does Motley Fool,AMZN
05:50AM,"Up 4% in 2023, Is It Safe to Invest in the Stock Market Right Now? Motley Fool",AMZN
Jan-15-23 09:31AM,Value Stocks Had a Better Year Than Growth Stocks. Time for a Victory Lap? Motley Fool,AMZN
08:00AM,3 Bear Market Tech Stocks Most Likely to Make a Comeback Motley Fool,AMZN
06:17AM,Looking for the Next Ten-Bagger? Focus on Market Share Motley Fool,AMZN
05:44AM,2 Growth Stocks to Hold for the Next 10 Years Motley Fool,AMZN
05:30AM,Big Tech Companies Prep for a Tough Year The Wall Street Journal,AMZN
Jan-14-23 01:50PM,Amazon HR Staffers Turn From Hiring to Seeking Jobs Themselves Bloomberg,AMZN
09:44AM,Big Tech CEOs Give Investors Something to Think About Motley Fool,AMZN
08:10AM,"Amazon: We still like the stock, analyst says following layoffs Yahoo Finance",AMZN
07:45AM,Teladoc Health: Bull vs. Bear Motley Fool,AMZN
07:30AM,2 FAANG Stocks the Smartest Investors Are Buying Hand Over Fist in a Bear Market Motley Fool,AMZN
07:00AM,Loading…,AMZN
07:00AM,5 Situations Where People Spend Way Too Much Motley Fool,AMZN
05:55AM,Why Amazon and Alphabet Are Still 2 of My Highest-Conviction Stocks in 2023 Motley Fool,AMZN
Jan-13-23 06:23PM,Weekly Roundup TheStreet.com,AMZN
04:15PM,Don't Let the Sinking Stock Price Scare You: Amazon Is a No-Brainer Buy Motley Fool,AMZN
04:08PM,"Stocks moving ahead of the close: Wendys, Amazon, Tesla Yahoo Finance Video",AMZN
03:00PM,Is This CEO the Next Jeff Bezos? Motley Fool,AMZN
01:48PM,Here's Why BigCommerce Stock Surged This Week Motley Fool,AMZN
01:30PM,Amazon and Tech Startups Fight Back Against Car Break-Ins and Smash and Grabs Benzinga,AMZN
01:14PM,Wall Street Has Near-Term Concerns Over AWS. Why Its Still Bullish on Amazon Stock. Barrons.com,AMZN
12:30PM,Imax (IMAX) Looks Forward to Speed-Up Its Expansion Plans for India Zacks,AMZN
11:45AM,Better Buy: Amazon Stock vs. Microsoft Stock Motley Fool,AMZN
11:43AM,Big Tech Could Rebound Big Time. Heres How. Barrons.com,AMZN
07:48AM,Colliers Report: Broward warehouse rents rise 32% year-over-year American City Business Journals,AMZN
07:39AM,2 Stocks Near 52-Week Lows That Could Soar in 2023 Motley Fool,AMZN
07:33AM,From the Editor: Our year without Prime 'wasnt a boycott American City Business Journals,AMZN
06:30AM,This Famous Investor Just Called Amazon Stock a No-Brainer. Is He Right? Motley Fool,AMZN
05:35AM,New Investor? Buy These Two Growth Stocks Motley Fool,AMZN
05:30AM,5 Potentially Explosive Stocks to Buy in 2023 Motley Fool,AMZN
05:25AM,Will Rivian Automotive Be a Trillion-Dollar Stock by 2030? Motley Fool,AMZN
01:20AM,Amazon to close Fresh Pickup location in Ballard American City Business Journals,AMZN
Jan-12-23 07:39PM,"Walmart, Salesforce Make Agreement - But Customers May Hate It TheStreet.com",AMZN
04:58PM,23 Easy Ways To Save Money This Winter GOBankingRates,AMZN
03:16PM,Why Amazon Stock Was Gaining This Week Motley Fool,AMZN
03:07PM,Get ready for big tech dealsand IPOSssays top Silicon Valley VC Yahoo Finance,AMZN
03:07PM,Get ready for big tech dealsand IPOssays top Silicon Valley VC Yahoo Finance,AMZN
03:04PM,Get ready for big tech dealsand IPOSsays top Silicon Valley VC Yahoo Finance,AMZN
01:30PM,When Amazon comes to town American City Business Journals,AMZN
12:35PM,"Why Amazon, Chewy, and Roku Stocks All Traded Lower Thursday Morning Motley Fool",AMZN
12:06PM,Amazons JFK8 union victory upheld by U.S. labor board Yahoo Finance Video,AMZN
11:00AM,How Much Is Jeff Bezos Worth? GOBankingRates,AMZN
10:53AM,"Amazon, Google struggle to get gaming efforts off the ground Yahoo Finance Video",AMZN
10:26AM,"Walmart partners with Salesforce, Biden aides find more classified files, Amazon union certified Yahoo Finance Video",AMZN
10:15AM,These 2 Stocks Are All-Stars In the Making Motley Fool,AMZN
10:07AM,Etsy Stock in 2023: Bull vs. Bear Motley Fool,AMZN
10:05AM,Rent the Runway Links With Amazon WWD,AMZN
09:30AM,Does Netflix Have a Huge Gap in Its Content Strategy? Motley Fool,AMZN
09:00AM,3 Reasons Why Amazon Can Beat Tesla Stock in 2023 Motley Fool,AMZN
08:20AM,Dow Jones Futures: Stock Market Rallies Into CPI Inflation Report; What To Look For Investor's Business Daily,AMZN
07:53AM,Should You Hold Amazon.com (AMZN)? Insider Monkey,AMZN
07:47AM,Staten Island Unionization Effort Remains Intact as Amazon Fails to Provide Proof Benzinga,AMZN
07:14AM,Amazon Appeal to Union Victory in New York Rejected The Wall Street Journal,AMZN
06:10AM,"If You Like Amazon, Microsoft, and Alphabet, Consider Buying This Stock, Too Motley Fool",AMZN
05:35AM,3 Stocks I Will 'Never' Sell Motley Fool,AMZN
05:30AM,Should You Buy Amazon Before It Rallies? Motley Fool,AMZN
05:10AM,Could Amazon's Excess Warehouse Capacity Be a Blessing in Disguise? Motley Fool,AMZN
Jan-11-23 10:12PM,UPDATE 1-Amazon workers' union victory upheld by U.S. labor board director Reuters +5.81%,AMZN
09:19PM,"Amazon union wins certification, as regulator reaffirms historic Staten Island win Yahoo Finance",AMZN
09:19PM,Amazon union wins certification after NLRB reaffirms historic Staten Island win Yahoo Finance,AMZN
08:41PM,Amazon Unions NYC Victory Certified by Federal Labor Board Bloomberg,AMZN
07:58PM,Amazon workers' union victory upheld by U.S. labor board director Reuters,AMZN
07:54PM,Amazon workers' union victory upheld by U.S. labor board director Reuters,AMZN
06:49PM,"Analyst Report: Amazon.com, Inc. Morningstar Research",AMZN
05:57PM,Why the Avalanche Crypto Is Soaring Today Motley Fool,AMZN
05:18PM,"3 Reasons to Buy Amazon Stock, According to DBS TipRanks",AMZN
03:10PM,Amazon Game Studios Executive Steps Down as Unit Struggles With Hits Bloomberg,AMZN
02:40PM,Why Microsoft Rallied Today Motley Fool,AMZN
01:14PM,Amazon Iron Condor Trade Could Return 28% Investor's Business Daily,AMZN
12:01PM,Why Amazon Stock Is Rallying Again Today Motley Fool,AMZN
10:45AM,1 Massive Reason to Buy This Warren Buffett Stock Trading Near 52-Week Lows Motley Fool,AMZN
10:07AM,2 Warren Buffett Stocks You Can Buy in January and Hold Forever Motley Fool,AMZN
09:45AM,These 3 Stocks Crashed by 40% in 2022. But Analysts Remain Bullish On Them Motley Fool,AMZN
08:17AM,Should You Buy Value Stocks and Sell Growth Stocks in 2023? Motley Fool,AMZN
08:10AM,Earn Passive Income for Years With This Dividend Stock Motley Fool,AMZN
08:08AM,Alphabet (GOOGL) Boosts YouTube Music With Redesigned Library Zacks,AMZN
07:15AM,Nasdaq Bear Market: 3 Stocks You'll Wish You Had in Your Portfolio Motley Fool,AMZN
07:00AM,Could Amazon Stock Bounce Back in 2023? Motley Fool,AMZN
Jan-10-23 05:51PM,NFL Regular-Season Ratings Fell Amid Thursday Night Football Move to Amazon The Wall Street Journal,AMZN
04:58PM,What Is ChatGPT and Why Is Microsoft Interested in Buying It? Motley Fool,AMZN
03:51PM,Amazons Audible Says Audiobook Preorders of Prince Harrys Spare Suffer Delays The Wall Street Journal,AMZN
03:43PM,Tech Layoffs Pile Up as Bosses Reverse Course WSJ,AMZN
Jan-17-23 10:15AM,"Bank earnings: Goldman Sachs and others see investment banking slowdown, layoffs Yahoo Finance Video -5.83%",GS
09:18AM,"Earnings: Goldman Sachs posts profit miss, Morgan Stanley beats estimates Yahoo Finance Video",GS
09:13AM,Oil Rises as Investors Zero In on Chinese Demand Growth Bloomberg,GS
09:01AM,Goldman Sachs Profit Plummets From Deal-Making Drought The Wall Street Journal,GS
07:39AM,Goldman Profit Plunges The Wall Street Journal,GS
06:31AM,Loading…,GS
06:31AM,"Goldman Sachs, Morgan Stanley to Post Earnings Shortly The Wall Street Journal",GS
Jan-13-23 05:33PM,Goldman Sachs Lost $3 Billion on Consumer Lending Push The Wall Street Journal,GS
04:45PM,"S&P 500 Within a Whisker of 4,000 in Stock Rebound: Markets Wrap Bloomberg",GS
10:24AM,"Consumer sentiment index up as inflation eases, plus the top takeaways from bank earnings Yahoo Finance Video",GS
09:18AM,"Goldman Sachs, JPMorgan, Other Banks Sell Off in Early Trading The Wall Street Journal",GS
07:32AM,Your Guide to Fourth-Quarter Bank Earnings The Wall Street Journal,GS
06:29AM,Goldman Sachs Lost $3 Billion on Consumer Lending Push The Wall Street Journal,GS
Jan-12-23 03:14PM,Oil Rises a Sixth Day as US Data Shows Inflation Moderating Bloomberg,GS
Jan-10-23 09:58AM,Corporate mentions of efficiency signal rise in cost-cutting efforts Yahoo Finance Video,GS
09:45AM,The Companies Conducting Layoffs in 2023: Heres the List The Wall Street Journal,GS
03:48PM,Loading…,GS
Jan-09-23 03:48PM,"Goldman Sachs to cut up to 3,200 jobs this week Yahoo Finance Video",GS
11:19AM,The Debate Swirling Inside HR Departments: How to Lay Off Workers The Wall Street Journal,GS
09:18AM,Earnings: What to expect from big banks this week Yahoo Finance Video,GS
07:37AM,"Goldman Sachs To Cut 3,200 Jobs Starting This Week The Wall Street Journal",GS
07:37AM,"Goldman Sachs Plans To Cut 3,200 Jobs Starting This Week The Wall Street Journal",GS
Jan-03-23 05:30AM,More Bosses Order Workers Back to the Office as Job Market Shifts The Wall Street Journal,GS
Dec-29-22 03:34PM,Goldman Sachs executives as riled up as ever amid mass layoff announcement: Reporter Yahoo Finance Video,GS
11:39AM,Goldman Sachs CEO says job cuts to come as soon as January Yahoo Finance,GS
Dec-28-22 10:26AM,Constellation Brands gets boost from Goldman Sachs ahead of earnings Yahoo Finance Video,GS
05:30AM,"Wall Streets Bankers Brace for Big Pay Cuts, but Bosses Dont Want Whining The Wall Street Journal",GS
Dec-26-22 11:17PM,Rep.-Elect George Santos Admits He Lied About His Résumé The Wall Street Journal,GS
Dec-22-22 03:30PM,Goldman Offers More Services Through Apple as It Revamps Consumer-Banking Approach The Wall Street Journal,GS
09:25AM,Goldman Is Banking on Apple Partnership in Consumer Push The Wall Street Journal,GS
Dec-21-22 04:22PM,Goldman Sachs honors The Naked Market's Harrison Fugman and Alex Kost as part of their Top 100 Builders & Innovators of 2022 PR Newswire,GS
08:00AM,George Santos Was Just Elected to Congress. He Faces Scrutiny Over His Résumé. The Wall Street Journal,GS
11:45PM,Loading…,GS
Dec-20-22 11:45PM,Global Era of Negative Yields Is Ending as Japan Note Tops Zero Bloomberg,GS
Dec-16-22 04:28PM,Goldman Sachs Solomon misjudged architecture of consumer banking business: Reporter Yahoo Finance Video,GS
03:01PM,Layoff talk at Goldman Sachs follows a major hiring spree. Heres how other banks stack up Quartz,GS
02:52PM,"Goldman to lay off 4,000 employees American City Business Journals",GS
02:24PM,Goldman Sachs planning to lay off thousands of employees Fox Business,GS
02:09PM,Goldman Sachs Plans to Cut Several Thousand Jobs Barrons.com,GS
12:34PM,"Goldman Sachs Plans Thousands of Layoffs, Expects to Eliminate Some Bonuses The Wall Street Journal",GS
11:57AM,Goldman Sachs laying off up to 8% of its workforce MarketWatch,GS
11:36AM,"A Week After Morgan Stanley Layoffs, Goldman Sachs Axes 4,000 Jobs Benzinga",GS
09:51AM,Goldman Sachs to cut up to 8% of its workforce in 2023: Report Yahoo Finance Video,GS
09:34AM,Goldman Sachs to cut thousands of employees - source Reuters,GS
08:55AM,Goldman Sachs to cut thousands of employees - source Reuters,GS
07:51AM,UPDATE 5-Goldman to cut thousands of staff as Wall Street layoffs intensify -source Reuters,GS
07:49AM,Goldman to cut thousands of staff as Wall Street layoffs intensify -source Reuters,GS
07:49AM,"Goldman Sachs to lay off up to 4,000 people -Semafor Reuters",GS
Dec-15-22 03:59PM,Goldman Joins List of Big Banks Planning Bonus Cuts Investopedia,GS
08:47AM,Futures Selloff Deepens as ECB Adds to Fed Gloom: Markets Wrap Bloomberg,GS
08:23AM,Goldman weighs a 40% cut on investment banker bonuses as Wall Street goes from feast to famine Fortune,GS
Dec-14-22 02:04PM,Goldman Sachs considers at least 40% bonus cut for investment bankers - FT Reuters,GS
08:11AM,Goldmans Celebrated Club Shrinks Further With Tim ONeill Exit Bloomberg,GS
02:06AM,Dubai Is a New Hotspot for Idle Bankers Chasing IPO Deals Bloomberg,GS
Dec-13-22 05:50PM,Goldman Sachs (GS) Outpaces Stock Market Gains: What You Should Know Zacks,GS
10:28AM,"Goldman Sachs bullish on restaurant stocks including McDonalds, Chipotle Yahoo Finance Video",GS
06:30AM,"Brazil Hedge Funds Go Global, Helping Drive Profits for Wall Street Banks Bloomberg",GS
Dec-12-22 04:54PM,Goldman Sachs to stop making unsecured consumer loans - source Reuters,GS
04:52PM,UPDATE 1-Goldman Sachs to stop making unsecured consumer loans - source Reuters,GS
04:24PM,Goldman Sachs reportedly plans to cut hundreds more jobs Yahoo Finance Video,GS
02:16PM,Goldman Sachs to Cut at Least 400 More Jobs Bloomberg,GS
01:44PM,Goldman to Cut Hundreds More Jobs as Consumer Unit Scaled Back Bloomberg,GS
09:11AM,Goldman Sachs reportedly eyes further job cuts: Bloomberg Investing.com,GS
06:00AM,Goldman Sachs seismic shakeup puts power players in key positions Fortune,GS
03:27AM,Korea Strains Ease as Yields Drop for First Time Since 2021 Bloomberg,GS
Dec-11-22 10:50AM,Goldman Sachs Is Trying to Make Blockchain Bonds Happen CoinDesk,GS
07:00AM,"With The Goldman Sachs Group, Inc.'s (NYSE:GS)) price down 5.6% this week, insiders might find some solace having sold US$19m worth of shares earlier this year. Simply Wall St.",GS
05:30AM,Investors Grow More Confident Fed Will Pull Off a Soft Landing The Wall Street Journal,GS
Dec-09-22 01:41PM,Whats Ahead for Global Financial Markets The Wall Street Journal,GS
12:00PM,Who Isand IsntGetting a Holiday Bonus This Year The Wall Street Journal,GS
09:00AM,"The Goldman Sachs Group, Inc. (GS) Is a Trending Stock: Facts to Know Before Betting on It Zacks",GS
07:19AM,3 Goldman Sachs Mutual Funds for Impressive Returns Zacks,GS
Dec-08-22 02:07PM,Region head for Goldman Sachs private wealth eyes growth as global giant embarks on DFW expansion American City Business Journals,GS
Dec-07-22 05:50PM,Goldman Sachs (GS) Dips More Than Broader Markets: What You Should Know Zacks,GS
11:31AM,Why Goldman Sachs Stock Climbed 12.1% Higher in November Motley Fool,GS
08:00AM,"The Goldman Sachs Group, Inc.'s (NYSE:GS) stock dropped 5.4% this week, offering solace to those who sold earlier in the year Simply Wall St.",GS
07:00AM,Goldman's digital asset chief sees 'interesting opportunities' to buy or invest in crypto companies: report MarketWatch,GS
06:45AM,"Goldman Sachs CEO says clients are shifting away from supply chain resiliency to keeping headcount down, but Im not hearing panic Fortune",GS
Dec-06-22 08:00PM,Goldman Sachs to Invest Millions into Crypto Motley Fool,GS
05:06PM,Capital One CEO Sees Learning Curve for Finance: Goldman Update Bloomberg,GS
04:29PM,Short Sellers Vindicated Again With Bear-Market Rally Sputtering Bloomberg,GS
04:20PM,Goldman CEO: A 'very reasonable possibility' the economy enters recession next year Yahoo Finance,GS
03:17PM,Goldman CEO David Solomon Prepares for a Possible Recession The Wall Street Journal,GS
02:52PM,"Bank of America stock plunges, leading selloff in shares of largest U.S. banks MarketWatch",GS
11:51AM,Goldman Sachs To Spend Tens of Millions of Dollars On Crypto Firms Investopedia,GS
08:25AM,"Goldman Sachs Plans Investing In FTX Hit Firms, Ticketmaster Slapped With Antitrust Lawsuit, Facebook Dating Gets Age Verification Tool: Top Stories Tuesday, Dec. 06 Benzinga",GS
07:00AM,Is GAMDX a Strong Bond Fund Right Now? Zacks,GS
02:00AM,Goldman Sachs to Spend 'Tens of Millions' on Discounted Crypto Investments After FTX Implosion: Report CoinDesk,GS
01:10AM,Exclusive-Goldman Sachs on hunt for bargain crypto firms after FTX fiasco Reuters,GS
Dec-05-22 11:52PM,Goldman Sachs looks for opportunities in crypto after FTX bankruptcy Investing.com,GS
02:52PM,10 Best Jim Cramer Stocks to Buy Now Insider Monkey,GS
07:00AM,Dow Jones Stocks: Chevron Leads 5 Blue Chips Near Buy Points Investor's Business Daily,GS
Dec-03-22 01:29PM,Goldman Sachs Warns Traders Of Shrinking Bonus Pool Even As Trading Revenue Rises Benzinga,GS
Dec-02-22 04:38PM,Big banks announce plans to cut back on end-of-year bonuses Yahoo Finance Video,GS
01:17PM,"Goldman Sachs Needs to Cut Costs. Its Traders Are Paying the Price, Report Says. Barrons.com",GS
12:41PM,Wall Street braces for big cuts to bonuses after dismal year Financial Times,GS
07:36AM,Wall Street bankers to see bonuses shrink as dealmaking sputters - Bloomberg Law Reuters,GS
07:32AM,Goldman warns of bonus cuts for traders - Bloomberg News Reuters,GS
04:33AM,Goldman Jolts Traders With Bonus Warning After Bumper Haul Bloomberg,GS
Dec-01-22 12:55PM,Mexico Posts $5.35 Billion Record Remittances From Workers Abroad Bloomberg,GS
09:25AM,Goldman Sachs (GS) to Pay SEC $4M Penalty Over ESG Fund Case (Revised) Zacks,GS
Nov-30-22 12:00AM,Goldman makes white-label bet on white-hot ETF market Financial Times,GS
Nov-29-22 05:45PM,Goldman Sachs (GS) Gains As Market Dips: What You Should Know Zacks,GS
Jan-17-23 10:43AM,TikTok: Here's how Washington could take it on (even without banning the app) Yahoo Finance,AAPL
10:36AM,"Apple Launches New MacBooks and Minis, Updates M2 Processors Barrons.com",AAPL
10:12AM,Apple unveils latest M2 chips for MacBook Pro and more Yahoo Finance Video,AAPL
10:10AM,Will Warren Buffett Own a Virtual Reality Stock in 2023? Motley Fool,AAPL
10:04AM,Apple launches faster MacBook Pro laptops with new custom chips MarketWatch,AAPL
09:45AM,Loading…,AAPL
09:45AM,Metas 54% Stock Comeback Is Still on Shaky Ground Bloomberg,AAPL
09:23AM,"UPDATE 1-Apple launches new macbooks, Mac mini in rare January launch Reuters",AAPL
09:18AM,"Apple unveils new macbooks, Mac mini in rare January launch Reuters",AAPL
09:00AM,"Apple unveils MacBook Pro featuring M2 Pro and M2 Max, with more game-changing performance and the longest battery life ever in a Mac Business Wire",AAPL
09:00AM,Apple unveils M2 Pro and M2 Max: next-generation chips for next-level workflows Business Wire,AAPL
09:00AM,"Apple introduces new Mac mini with M2 and M2 Pro more powerful, capable, and versatile than ever Business Wire",AAPL
08:19AM,Microsoft Just Acquired a Chip Design Start-Up. Here's What Semiconductor Investors Need to Know. Motley Fool,AAPL
05:21AM,Warren Buffett Is Raking in $4.84 Billion in Annual Dividend Income From These 6 Stocks Motley Fool,AAPL
12:51AM,UPDATE 1-Apple supplier Foxconn replaces iPhone business chief- Bloomberg News Reuters,AAPL
12:00AM,How Apple tied its fortunes to China Financial Times,AAPL
11:35PM,Loading…,AAPL
Jan-16-23 11:35PM,Apple supplier Foxconn replaces iPhone business chief- Bloomberg News Reuters,AAPL
11:07PM,Foxconn Replaces iPhone Business Chief After Tumultuous Year Bloomberg,AAPL
08:33PM,"UPDATE 1-Investor Ryan Cohen builds Alibaba stake, pushes for more share buybacks Reuters",AAPL
01:27PM,2 FAANG Stocks to Buy in 2023 and 1 to Avoid: Here's Why Motley Fool,AAPL
11:51AM,The Regulatory Threat to Tech Is Growing. What It Means for Stocks. Barrons.com,AAPL
11:05AM,Qualcomm: A Rare Technology Value Play TheStreet.com,AAPL
11:00AM,Better Growth Stock in 2023: Apple vs. AMD Motley Fool,AAPL
10:37AM,2 Top Tech Stocks to Buy for the Long Haul Motley Fool,AAPL
10:30AM,"Target, Amazon and 4 More Retailers That Will Reward You for Turning in Your Old Stuff GOBankingRates",AAPL
09:53AM,3 Tech Stocks Approved by Warren Buffett Motley Fool,AAPL
09:34AM,Is TSMC Stock a Buy Now? Motley Fool,AAPL
08:33AM,"The Zacks Analyst Blog Highlights Lenovo Group, HP, Dell Technologies and Apple Zacks",AAPL
07:10AM,History Says the Nasdaq Could Soar in 2023 -- 5 Stocks You'll Wish You'd Bought if It Does Motley Fool,AAPL
Jan-15-23 04:25PM,Business class: Apple hires workers in India as it looks to open first flagship stores Financial Times,AAPL
10:07AM,Better Buy: Costco Vs. Target Stock Motley Fool,AAPL
08:24AM,Loading…,AAPL
08:24AM,Take Warren Buffett's Advice: Buy Stocks With These 3 Attributes Motley Fool,AAPL
08:20AM,2 Cheap Tech Stocks to Buy Right Now Motley Fool,AAPL
06:18AM,Key Apple Partners Plan Expansion in Southeast Asia in 2023 Bloomberg,AAPL
05:30AM,Big Tech Companies Prep for a Tough Year The Wall Street Journal,AAPL
Jan-14-23 01:31PM,Apple CEO Tim Cook's Pay Cut in Half TheStreet.com,AAPL
11:48AM,"""Rule Breaker Investing"": Old, New, Borrowed, and Blue Motley Fool",AAPL
09:44AM,Big Tech CEOs Give Investors Something to Think About Motley Fool,AAPL
09:15AM,Here Are 2 Technology Stocks of the Future You Can Buy Right Now Motley Fool,AAPL
09:00AM,281 Billion Reasons Why You May Regret Not Buying Apple Stock Motley Fool,AAPL
07:50AM,3 Top Stocks to Buy for the Long Haul Motley Fool,AAPL
07:20AM,Is It Time to Buy the Dow Jones' 3 Worst-Performing December Stocks? Motley Fool,AAPL
07:01AM,Great week for Apple Inc. (NASDAQ:AAPL) institutional investors after losing 22% over the previous year Simply Wall St.,AAPL
04:30AM,"Tech war: Apple looks to India, Vietnam as iPhone maker's supply chain comes under the spotlight in US-China decoupling South China Morning Post",AAPL
Jan-13-23 06:23PM,Weekly Roundup TheStreet.com,AAPL
05:19PM,Contract manufactuer Jabil whose biggest customer is Apple is cutting more than 200 workers in the Bay Area American City Business Journals,AAPL
05:00PM,Qualcomm Continues to Hover Near Its 52-Week Low. Is Now the Time to Buy? Motley Fool,AAPL
04:39PM,Don't Ignore These Companies' Cash-Generating Abilities Zacks,AAPL
04:30PM,"Apple CEO Tim Cook agrees to 40% pay cut, stores begin contract negotiations amid union push Yahoo Finance Video",AAPL
03:28PM,Apple will examine commitment to workers rights after shareholder push MarketWatch,AAPL
03:11PM,More townhomes slated for Cary not far from Apple campus American City Business Journals,AAPL
03:10PM,"90% of online content could be generated by AI by 2025, expert says Yahoo Finance",AAPL
01:47PM,Apple CEO Tim Cook Receives a 40% Pay Cut Investopedia,AAPL
01:44PM,Why Metaverse Cryptocurrencies Jumped This Week Motley Fool,AAPL
01:09PM,Tim Cook Tells Apple To Slash His Pay. It Obliged. Barrons.com,AAPL
12:33PM,Apple CEO Tim Cook Takes a Huge Pay Cut TheStreet.com,AAPL
11:45AM,Is It the Right Time to Buy Apple Stock? Motley Fool,AAPL
10:32AM,"Apple's Tim Cook takes 40% pay cut, AEW interested in WWE merger, Sweden finds rare earth metals Yahoo Finance Video",AAPL
10:18AM,"Porsche to ensure familiar software is available for customers, spokesperson says Reuters",AAPL
10:09AM,Goldman Lost $1.2 Billion in Just Nine Months in Newest Unit Bloomberg,AAPL
08:58AM,Can the PC Market Bounce Back From Its Multi-Year Lows? Zacks,AAPL
07:00AM,Apple Is Reportedly Designing Chips to Cut Broadcom Out of the Mix -- Time to Sell Broadcom Stock? Motley Fool,AAPL
06:03AM,Tim Cook takes a pay cut to link more of his earnings to Apple's stock performance Quartz,AAPL
05:06AM,3 Warren Buffett Stocks to Avoid Like the Plague in 2023 Motley Fool,AAPL
02:19AM,Apple boss Tim Cook takes 40pc pay cut The Telegraph,AAPL
02:15AM,Congress May Be Divided but Tech Could Still Face Real Regulation in 2023 Barrons.com,AAPL
Jan-12-23 11:13PM,Apple CEO Tim Cook to Take a 40% Pay Cut This Year The Wall Street Journal,AAPL
10:13PM,India iPhone Breakthrough Masks Struggle to Be Next China Bloomberg,AAPL
07:09PM,Apple Chief Tim Cook to Take a 40% Pay Cut This Year The Wall Street Journal,AAPL
06:50PM,Apple CEO Cook's pay more dependent on stock performance in 2023 Reuters,AAPL
06:48PM,Apple CEO Cook's pay more dependent on stock performance in 2023 Reuters,AAPL
06:20PM,Apples Tim Cook Takes Rare CEO Pay Cut After Pushback Bloomberg,AAPL
06:05PM,Tim Cook asked Apple to cut his pay after making nearly $100 million last year MarketWatch,AAPL
03:41PM,The 10 best free checking accounts of January 2023 Fortune,AAPL
12:23PM,Apples supply chain bet Financial Times,AAPL
12:06PM,What is an instant-access credit card? Fortune,AAPL
12:06PM,"TSMC Stock Surges On Record Profits, But Muted Outlook May Cloud Apple Earnings TheStreet.com",AAPL
10:36AM,12 Countries That Produce the Best Engineers in the World Insider Monkey,AAPL
10:29AM,Apple reportedly developing touchscreen Macs Yahoo Finance Video,AAPL
10:09AM,Dow Jones Falls 150 Points On CPI Inflation Report; Apple Chip Supplier TSMC Jumps On Earnings Investor's Business Daily,AAPL
10:06AM,Why Apple Is My Favorite Big Tech Stock Right Now Motley Fool,AAPL
09:44AM,Dow Jones Reverses Lower On CPI Inflation Report; Apple Chip Supplier TSMC Jumps On Earnings Investor's Business Daily,AAPL
09:22AM,Dow Jones Futures Rise On CPI Inflation Report; Apple Chip Supplier TSMC Climbs On Earnings Investor's Business Daily,AAPL
08:45AM,Dow Jones Futures Reverse Lower On CPI Inflation Report; Apple Chip Supplier TSMC Climbs On Earnings Investor's Business Daily,AAPL
08:37AM,Dow Jones Futures Higher On CPI Inflation Report; Apple Chip Supplier TSMC Climbs On Earnings Investor's Business Daily,AAPL
08:28AM,Dow Jones Futures Rise Ahead Of CPI Inflation Report; Apple Chip Supplier TSMC Climbs On Earnings Investor's Business Daily,AAPL
08:20AM,Dow Jones Futures: Stock Market Rallies Into CPI Inflation Report; What To Look For Investor's Business Daily,AAPL
07:30AM,The Apple and Meta Battle Is Moving to the Metaverse Motley Fool,AAPL
06:14AM,Is Meta Platforms Sitting on a $1 Trillion Opportunity? Motley Fool,AAPL
06:07AM,"TSMC Stock Higher On Record Profits, But Muted Outlook May Cloud Apple Earnings TheStreet.com",AAPL
05:57AM,1 Warren Buffett Stock Is Cheaper Than It Has Been in Years -- Is 2023 the Time to Buy? Motley Fool,AAPL
05:28AM,Fragile Megacap Tech Stocks Face CPI Test After New Year Rally Bloomberg,AAPL
05:25AM,3 Reasons to Buy Apple Stock in 2023 Motley Fool,AAPL
05:20AM,Where Will TSMC Stock Be in 1 Year? Motley Fool,AAPL
04:30AM,Chip Giant TSMC Plans to Cut Spending to Offset Falling Near-Term Sales Bloomberg,AAPL
02:17AM,A PlayStation on wheels and Chinas battle of the platforms Financial Times,AAPL
Jan-11-23 07:24PM,PC Shipments Drop Sharply in a Slump Expected to Last Until 2024 The Wall Street Journal,AAPL
07:02PM,"The PC boom and bust is already one for the record books, and it isnt over MarketWatch",AAPL
05:31PM,Global PC shipments collapsed 28% in Q4: Gartner Yahoo Finance,AAPL
05:02PM,Apple could bring once-abhorred touchscreens to computers in 2025: report MarketWatch,AAPL
04:49PM,Apple promises to disclose more details about app removals Financial Times,AAPL
